Number of Elements (n)	 Time (sec) 
10000	0.0002257
1500000	0.0400528
5000000	0.127805
10000000	0.260508
15000000	0.38383
20000000	0.511712
0	1.4e-06
30000000	0.763463
